[
  {
    "name": "TOMASZ DENDURA Central and Eastern Europe Training Advisory; nazwa skrócona: CEETA",
    "street": "ul. Grzybowska 4/217",
    "post": "00-131",
    "city": "Warszawa",
    "tin": "8151611059"
  },
  {
    "name": "FORJU KATARZYNA ŁUKOWSKA",
    "street": "Żołędowo, ul. Brzozowa 27",
    "post": "86-021",
    "city": "Osielsko",
    "tin": "5541342186"
  },
  {
    "name": "PRACOWNIA FINANSOWA SPÓŁKA Z OGRANICZONĄ ODPOWIEDZIALNOŚCIĄ",
    "street": "ul. Londyńska 27",
    "post": "03-921",
    "city": "Warszawa",
    "tin": "7010400644"
  },
  {
    "name": "CODERS LAB SPÓŁKA Z OGRANICZONĄ ODPOWIEDZIALNOŚCIĄ",
    "street": "ul. Prosta 51",
    "post": "00-838",
    "city": "Warszawa",
    "tin": "5213650730"
  },
  {
    "name": "BRICKSofIT Marcin Berger",
    "street": "ul. Narutowicza 11/3",
    "post": "05-870",
    "city": "Błonie",
    "tin": "5212092127"
  },
  {
    "name": "\"Q1 GROUP\" SPÓŁKA Z OGRANICZONĄ ODPOWIEDZIALNOŚCIĄ",
    "street": "ul. Łacińska 4/1",
    "post": "01-451",
    "city": "Warszawa",
    "tin": "5272726156"
  },
  {
    "name": "Jinfang Geng - Osoba Prywatna",
    "street": "Hlonda 10E, M177",
    "post": "02-972",
    "city": "Warszawa",
    "tin": ""
  },
  {
    "name": "COLUMBUS ELITE SPÓŁKA AKCYJNA",
    "street": "ul. Josepha Conrada 20",
    "post": "31-357",
    "city": "Kraków",
    "tin": "9452230200"
  },
  {
    "name": "OMNISYS SPÓŁKA AKCYJNA",
    "street": "ul. Jagiellońska 88",
    "post": "00-992",
    "city": "Warszawa",
    "tin": "5242806399"
  },
  {
    "name": "OVH SPÓŁKA Z OGRANICZONĄ ODPOWIEDZIALNOŚCIĄ",
    "street": "ul. Swobodna 1",
    "post": "50-088",
    "city": "Wrocław",
    "tin": "8992520556"
  },
  {
    "name": "PPHU DAREX DARIUSZ MICHALAK",
    "street": "ul. Osiedlowa 15",
    "post": "95-200",
    "city": "Pabianice",
    "tin": "7310002497"
  },
  {
    "name": "UNITAX EXPERTS SPÓŁKA Z OGRANICZONĄ ODPOWIEDZIALNOŚCIĄ",
    "street": "Plac Bankowy 2",
    "post": "00-095",
    "city": "Warszawa",
    "tin": "5252704341"
  },
  {
    "name": "Daniel Gustaw",
    "street": "",
    "post": "",
    "city": "",
    "tin": "91030515370"
  },
  {
    "name": "Conversion Media OÜ",
    "street": "Harju maakond, Tallinn, Kesklinna linnaosa, Narva mnt 5, 10117",
    "post": "VAT:",
    "city": "EE101987093",
    "tin": ""
  },
  {
    "name": "No Input Signal Piotr Dul",
    "street": "ul. Wspólna 7",
    "post": "09-200",
    "city": "Sierpc",
    "tin": "7761569734"
  },
  {
    "name": "ŁUKASZ PIOTROWSKI LEXCENTER",
    "street": "ul. Trzebnicka 48/7",
    "post": "50-231",
    "city": "Wrocław",
    "tin": "8951744276"
  },
  {
    "name": "SoftWizard Tomasz Żygadło",
    "street": "ul. Międzyzdrojska 20/1",
    "post": "54-316",
    "city": "Wrocław",
    "tin": "8942817633"
  },
  {
    "name": "BRANDKOMP S.C.",
    "street": "ul. Wolska 84/86",
    "post": "01-141",
    "city": "Warszawa",
    "tin": "5272635910"
  },
  {
    "name": "INMOS RADOSŁAW OLEJNICZAK",
    "street": "ul. Jęczmienna 4",
    "post": "44-190",
    "city": "Knurów",
    "tin": "9691137136"
  },
  {
    "name": "TERG SPÓŁKA AKCYJNA",
    "street": "ul. Za Dworcem 1D",
    "post": "77-400",
    "city": "Złotów",
    "tin": "7671004218"
  },
  {
    "name": "Eternity Travel Polska Anna Radolińska",
    "street": "ul. Zygmunta Słomińskiego 1/13",
    "post": "00-204",
    "city": "Warszawa",
    "tin": "9111718627"
  },
  {
    "name": "INSTYTUT COLINA ROSE SPÓŁKA Z OGRANICZONĄ ODPOWIEDZIALNOŚCIĄ",
    "street": "ul. Koszykowa 8/40",
    "post": "00-564",
    "city": "Warszawa",
    "tin": "5222866501"
  },
  {
    "name": "SHAREO (DOMINIK SMYK)",
    "street": "ul. Mikołaja Reja 11/1",
    "post": "05-820",
    "city": "Piastów",
    "tin": "5342440041"
  },
  {
    "name": "CASTLE BLACK ANNA SOFUŁ",
    "street": "ul. Podleśna 37",
    "post": "01-673",
    "city": "Warszawa",
    "tin": "6971930207"
  },
  {
    "name": "Anna Soful",
    "street": "17 Stycznia 16/5",
    "post": "",
    "city": "Leszno",
    "tin": ""
  },
  {
    "name": "Mirosław Rutkowski",
    "street": "Suchawa 15",
    "post": "",
    "city": "Barciany",
    "tin": ""
  },
  {
    "name": "ALL FOR BODY SPÓŁKA Z OGRANICZONĄ ODPOWIEDZIALNOŚCIĄ",
    "street": "ul. Kapelanka 12",
    "post": "30-347",
    "city": "Kraków",
    "tin": "6762476767"
  },
  {
    "name": "EALL FOR BODY SPÓŁKA Z OGRANICZONĄ ODPOWIEDZIALNOŚCIĄ",
    "street": "ul. Przemysłowa 4/169",
    "post": "30-701",
    "city": "Kraków",
    "tin": "6793112115"
  },
  {
    "name": "SHAREO (DOMINIK SMYK)",
    "street": "ul. Mikołaja Reja 11/1",
    "post": "05-820",
    "city": "Piastów",
    "tin": "5342440041"
  },
  {
    "name": "AFB KC SPÓŁKA Z OGRANICZONĄ ODPOWIEDZIALNOŚCIĄ",
    "street": "ul. Kapelanka 12",
    "post": "30-347",
    "city": "Kraków",
    "tin": "6762532649"
  },
  {
    "name": "PATRONAD SPÓŁKA Z OGRANICZONĄ ODPOWIEDZIALNOŚCIĄ",
    "street": "ul. Londyńska 25",
    "post": "03-921",
    "city": "Warszawa",
    "tin": "1133022863"
  },
  {
    "name": "JUPITER19 SPÓŁKA Z OGRANICZONĄ ODPOWIEDZIALNOŚCIĄ",
    "street": "ul. Willowa 8/10/28",
    "post": "00-790",
    "city": "Warszawa",
    "tin": "5213847214"
  },
  {
    "name": "MOTORRAID SPÓŁKA Z OGRANICZONĄ ODPOWIEDZIALNOŚCIĄ",
    "street": "ul. Perlicza 6",
    "post": "02-893",
    "city": "Warszawa",
    "tin": "6762250307"
  },
  {
    "name": "Centrum Edukacyjno Consultingowe CONCRET ANNA URBAŃSKA",
    "street": "ul. Mieszka I 7d",
    "post": "86-300",
    "city": "Grudziądz",
    "tin": "8761283234"
  },
  {
    "name": "ACAISOFT POLAND SPÓŁKA Z OGRANICZONĄ ODPOWIEDZIALNOŚCIĄ",
    "street": "ul. Świętego Rocha 10/2",
    "post": "15-879",
    "city": "Białystok",
    "tin": "9512422298"
  },
  {
    "name": "\"FINTURE\" SPÓŁKA Z OGRANICZONĄ ODPOWIEDZIALNOŚCIĄ",
    "street": "ul. Skierniewicka 10A",
    "post": "01-230",
    "city": "Warszawa",
    "tin": "5272778791"
  }
]
